t,S,I,R
0.0,0.99,0.01,0.0
0.20040080160320642,0.9893930943345731,0.010402497645718186,0.00020440801970869987
0.40080160320641284,0.9887621667426324,0.010820793532686342,0.000417039724681288
0.6012024048096193,0.9881063090443438,0.011255473921971928,0.0006382170336842968
0.8016032064128257,0.9874245810120125,0.011707144686722947,0.0008682743012646193
1.0020040080160322,0.9867160098870162,0.012176431583383615,0.001107558529600203
1.2024048096192386,0.9859795903798056,0.012663980251694365,0.001356429368500052
1.402805611222445,0.9852143004268584,0.01317042891377961,0.0016152706593620184
1.6032064128256514,0.9844190901290857,0.013696434760963544,0.0018844751099508813
1.8036072144288577,0.9835928477764364,0.014242723591218922,0.0021644286323447013
2.0040080160320644,0.9827344233189473,0.014810041352942855,0.0024555353281098457
2.2044088176352705,0.9818426285979234,0.015399153711902893,0.0027582176901738255
2.404809619238477,0.9809162373459378,0.016010846051237027,0.003072916602825295
2.6052104208416833,0.9799539851868324,0.01664592347145368,0.0034000913417140495
2.80561122244489,0.9789545696357174,0.01730521079043172,0.0037402195738510296
3.006012024048096,0.9779166500989713,0.017989552543420453,0.004093797357608316
3.2064128256513027,0.9768388478742414,0.018699812983039625,0.004461339142719134
3.4068136272545093,0.9757197461504429,0.01943687607927941,0.004843377770277851
3.6072144288577155,0.9745578900077597,0.02020164551950043,0.005240464472739976
3.807615230460922,0.9733517864176442,0.020995044708433754,0.005653168873922165
4.008016032064129,0.972099904242817,0.02181801676818086,0.0060820789890022086
4.208416833667335,0.9708006742372673,0.022671524538213698,0.006527801224519048
4.408817635270541,0.9694524890462527,0.023556550575374636,0.006990960378372764
4.609218436873747,0.968053703206299,0.024474097153876488,0.00747219963982458
4.809619238476954,0.9666026331452007,0.02542518626530252,0.007972180589496863
5.01002004008016,0.9650975571820206,0.026410859618606397,0.008491583199373123
5.210420841683367,0.9635367155270899,0.027432178640112263,0.00903110583279801
5.410821643286574,0.9619183102820081,0.028490224473514687,0.009591465244477322
5.61122244488978,0.9602405054396435,0.029586097979878663,0.010173396580477995
5.811623246492986,0.9585014268841324,0.030720919737639643,0.010777653378228105
6.012024048096192,0.9566994430757428,0.03189557935508188,0.011404977569175327
6.212424849699399,0.9548341257847652,0.03310986705003663,0.012056007165198144
6.412825651302605,0.9529031659682439,0.034365218333434235,0.012731615698321876
6.613226452905812,0.9509039490764707,0.03566331909902661,0.013432731824502726
6.813627254509019,0.948833901910547,0.03700579691930592,0.014160301170147136
7.014028056112225,0.9466904926223838,0.0383942210455045,0.014915286332111774
7.214428857715431,0.9444712307147015,0.03983010240759495,0.015698666877703556
7.414829659318637,0.9421736670410303,0.041314893614290055,0.016511439344679642
7.615230460921844,0.9397953938057098,0.04284998895304285,0.017354617241247414
7.81563126252505,0.9373340445638889,0.044436724390046554,0.018229231046064505
8.016032064128257,0.9347872942215266,0.04607637757023463,0.019136328208238785
8.216432865731463,0.9321528590353909,0.047770167817280745,0.02007697314732835
8.41683366733467,0.9294284966130597,0.04951925613359881,0.02105224725334156
8.617234468937877,0.9266120059129201,0.05132474520034292,0.022063248886736983
8.817635270541082,0.9237012272441691,0.05318767937740741,0.023111093378423445
9.01803607214429,0.9206940422668132,0.05510904470342684,0.024196913029760014
9.218436873747494,0.917588373991668,0.05708976889577596,0.02532185711255597
9.418837675350701,0.9143821867803593,0.05913072135056979,0.026487091869070882
9.619238476953909,0.9110734863453219,0.06123271314266352,0.027693800512014498
9.819639278557114,0.9076603197498005,0.06339649702565256,0.028943183224546823
10.02004008016032,0.9041407754078492,0.06562276743187259,0.03023645716027814
10.220440881763528,0.9005129830843316,0.06791216047239945,0.03157485644326892
10.420841683366733,0.8967751138949209,0.07026525393704922,0.032959632168029884
10.62124248496994,0.8929253803060997,0.07268256729437822,0.03439205239952202
10.821643286573147,0.8889620361351604,0.07516456169168295,0.03587340217315652
11.022044088176353,0.884883376550205,0.07771163995500016,0.03740498349479482
11.22244488977956,0.8806877380701444,0.08032414658910683,0.03898811534074863
11.422845691382767,0.8763734985647,0.08300236777752013,0.040624133657779844
11.623246492985972,0.8719390772544019,0.08574653138249741,0.04231439136310062
11.823647294589179,0.8673829347105902,0.08855680694503636,0.04406025834437338
12.024048096192384,0.8627035728554144,0.09143330568487475,0.04586312145971073
12.224448897795591,0.8578995349618337,0.09437608050049068,0.047724384537675565
12.424849699398798,0.8529694056536165,0.09738512596910243,0.049645468377281
12.625250501002004,0.8479122259136836,0.10046051230827344,0.0516272617780429
12.82565130260521,0.8427286652799597,0.10360233156285147,0.053669003157188866
13.026052104208418,0.8374181326512163,0.10680954100829965,0.05577232634048401
13.226452905811623,0.8319800553680937,0.11008086083964605,0.05793908379226024
13.42685370741483,0.826414089743767,0.11341487072644611,0.06017103952978696
13.627254509018037,0.8207201210639465,0.11681000981278246,0.062469869123270974
13.827655310621243,0.8148982635868786,0.12026457671726495,0.06483715969585653
14.02805611222445,0.8089488605433437,0.12377672953303089,0.06727440992362539
14.228456913827655,0.8028724841366587,0.1273444858277446,0.0697830300355967
14.428857715430862,0.796669935542675,0.13096572264359796,0.07236434181372711
14.629258517034069,0.7903422449097794,0.13463817649730989,0.07501957859291065
14.829659318637274,0.7838906713588945,0.13835944338012662,0.07774988526097885
15.030060120240481,0.7773167029834774,0.14212697875782188,0.08055631825870073
15.230460921843688,0.770622056849521,0.1459380975706963,0.08343984557978268
15.430861723446894,0.7638086789955534,0.1497899742335781,0.08640134677086851
15.6312625250501,0.7568787444326377,0.1536796426358226,0.08944161293153963
15.831663326653308,0.7498346571443727,0.15760399614131246,0.09256134671431479
16.032064128256515,0.7426790500868922,0.1615597875884576,0.09576116232465016
16.23246492985972,0.7354147851888654,0.16554362929019517,0.09904158552093945
16.432865731462925,0.7280449533514965,0.1695519930339896,0.10240305361451377
16.633266533066134,0.7205728744485255,0.17358121008183278,0.10584591546964173
16.83366733466934,0.7130020973262272,0.17762747117024352,0.10937043150352926
17.034068136272545,0.7053363998034119,0.18168682651026818,0.11297677368631989
17.234468937875754,0.697579788671425,0.1857551857874804,0.11666502554109462
17.43486973947896,0.6897364996941475,0.1898283181619808,0.12043518214387164
17.635270541082164,0.6818109976079955,0.19390185226839762,0.12428715012360686
17.835671342685373,0.67380797612192,0.19797127621588623,0.12822074766219363
18.03607214428858,0.6657323579174083,0.2020319375881292,0.1322357044944625
18.236472945891784,0.6575892946484818,0.2060790434433364,0.13633166190818172
18.43687374749499,0.6493841669416978,0.2101076603142451,0.14050817274405694
18.637274549098198,0.6411225843961488,0.2141127142081198,0.14476470139573128
18.837675350701403,0.6328103855834627,0.2180889906067521,0.14910062380978506
19.03807615230461,0.6244536380478024,0.22203113446646106,0.1535152274857364
19.238476953907817,0.616058638305866,0.22593365021809303,0.15800771147604076
19.438877755511022,0.6076319118468876,0.22979090176702138,0.16257718638609087
19.639278557114228,0.5991802131326357,0.233597112493147,0.16722267437421706
19.839679358717436,0.5907105255974143,0.23734636525089808,0.17194310915168728
20.04008016032064,0.5822300616480633,0.24103260236922985,0.17673733598270655
20.240480961923847,0.5737462626639571,0.24464962565162499,0.18160411168441754
20.440881763527056,0.5652667989970057,0.2481910963760935,0.18654210462690052
20.64128256513026,0.5567995699716544,0.25165053529517234,0.1915498947331729
20.841683366733466,0.5483527038848837,0.25502132263592614,0.1966259734791898
21.042084168336675,0.5399345580062093,0.2582966980999466,0.2017687438938437
21.24248496993988,0.5315537185776825,0.2614697608633526,0.20697652055896437
21.442885771543086,0.5232160314017001,0.26453549843264546,0.21224847016565432
21.643286573146295,0.5149212648786984,0.26749435191720533,0.2175843832040962
21.8436873747495,0.5066735781906617,0.270344939863233,0.22298148194610523
22.044088176352705,0.49847722092178137,0.2730858546619322,0.22843692441628638
22.244488977955914,0.49033629827051317,0.2757158005219984,0.23394790120748837
22.44488977955912,0.4822547710495773,0.27823359346961907,0.23951163548080356
22.645290581162325,0.47423645568595785,0.28063816134847364,0.2451253829655684
22.845691382765533,0.46628502422090307,0.28292854381973365,0.2507864319593632
23.04609218436874,0.4584040043099259,0.28510389236206235,0.2564921033280117
23.246492985971944,0.45059677922280295,0.287163470271615,0.26223975050558196
23.44689378757515,0.4428665878435753,0.28910665266203894,0.26802675949438565
23.647294589178358,0.43521652467054806,0.29093292646447344,0.27385054886497845
23.847695390781563,0.42764953981629084,0.29264189042754957,0.27970856975615954
24.04809619238477,0.4201684390076373,0.29423325511739046,0.2855983058749722
24.248496993987978,0.41277588358568507,0.29570684291761123,0.29151727349670364
24.448897795591183,0.40547439050579653,0.2970625880293189,0.2974630214648845
24.649298597194388,0.3982663323375978,0.29830053647111243,0.3034331311912897
24.849699398797597,0.39115393726497927,0.2994208460790828,0.3094252166559378
25.050100200400802,0.38413928908609585,0.3004237865068129,0.3154369244070912
25.250501002004007,0.3772243272133663,0.30130973922537757,0.3214659335612561
25.450901803607216,0.37041084667347357,0.30207919752334356,0.32750995580318276
25.65130260521042,0.36370049810736527,0.3027327665067697,0.3335667353858649
25.851703406813627,0.3570947877702528,0.30327116309920665,0.33963404913054046
26.052104208416836,0.35059507753161173,0.30369521604169714,0.3457097064266911
26.25250501002004,0.3442025848751823,0.3040058658927757,0.351791549232042
26.452905811623246,0.3379183828989684,0.30420416502846886,0.3578774520725626
26.653306613226455,0.3317434003152384,0.3042912776422953,0.3639653220424661
26.85370741482966,0.32567842145052506,0.3042684797452654,0.37005309880420945
27.054108216432866,0.319724086245625,0.3041371591658816,0.3761387545884933
27.254509018036075,0.31388089025559907,0.3038988155501383,0.3822202941942625
27.45490981963928,0.3081491846497727,0.3035550603615218,0.3882957549887054
27.655310621242485,0.30252917621173503,0.30310761688101046,0.39436320690725435
27.855711422845694,0.2970209273393398,0.30255832020707446,0.40042075245358566
28.0561122244489,0.2916243560447048,0.30190911725567604,0.406466526699619
28.256513026052104,0.2863392359542121,0.3011620667602693,0.4124986972855185
28.45691382765531,0.2811651963085078,0.30031933927180043,0.4185154644196917
28.65731462925852,0.27610172196250227,0.2993832171587074,0.4245150608787902
28.857715430861724,0.2711481533853703,0.2983560946069203,0.4304957520077093
29.05811623246493,0.2663036866605507,0.29724047761986117,0.4364558357195881
29.258517034068138,0.2615673734857463,0.2960389840184437,0.4423936424958099
29.458917835671343,0.2569381211729246,0.29475434344107393,0.4483075353860013
29.65931863727455,0.252414692648317,0.2933893973436497,0.45419591000803305
29.859719438877757,0.2479957064524192,0.29194709899956073,0.46005719454801997
30.060120240480963,0.243679636739991,0.2904305134996888,0.46588984976032
30.260521042084168,0.23946481328005648,0.28884281775240755,0.47169236896753575
30.460921843687377,0.23534942145590398,0.28718730048358265,0.47746327806051314
30.661322645290582,0.23133151268526556,0.2854673738460751,0.48320111346865924
30.861723446893787,0.2274099442268299,0.2836875881407759,0.4889024676323942
31.062124248496996,0.22358297301871832,0.28185184472082275,0.49456518226045887
31.2625250501002,0.2198481852061581,0.2799631757999475,0.5001886389938943
31.462925851703407,0.21620321772747145,0.2780245427690355,0.505772239503493
31.663326653306616,0.21264575831407595,0.27603883619612557,0.5113154054897984
31.86372745490982,0.20917354549048459,0.27400887582641026,0.5168175786831052
32.06412825651303,0.2057843685743053,0.2719374105822355,0.5222782208434592
32.26452905811623,0.20247606767624168,0.269827118563101,0.5276968137606572
32.46492985971944,0.19924653370009207,0.26768060704565977,0.5330728592542481
32.66533066132265,0.19609370834275047,0.26550041248371864,0.5384058791735309
32.86573146292585,0.19301558409420613,0.263289000508238,0.5436954153975558
33.06613226452906,0.1900102042375432,0.2610487659273315,0.5489410298351253
33.26653306613227,0.18707566284894145,0.2587820327262667,0.5541423044247918
33.46693386773547,0.18421010479767577,0.2564910540674647,0.5592988411348594
33.66733466933868,0.18141172574611622,0.2541780122904999,0.5644102619633838
33.86773547094189,0.17867877214972824,0.25184501891210054,0.5694762089381712
34.06813627254509,0.17600954125707258,0.24949411462614834,0.5744963441167791
34.2685370741483,0.17340238110980494,0.24712726930367845,0.5794703495865166
34.46893787575151,0.17085569054267663,0.24474638199287985,0.5843979274644435
34.66933867735471,0.16836791918353408,0.24235328091909494,0.589278799897371
34.86973947895792,0.16593756745331883,0.23994972348481963,0.5941127090618615
35.07014028056113,0.1635631865660679,0.23753739626970347,0.5988994171642286
35.27054108216433,0.1612433785289135,0.2351179150305497,0.6036387064405367
35.47094188376754,0.15897679614208293,0.23269282470131486,0.6083303791566022
35.671342685370746,0.15676214299889893,0.23026359939310923,0.6129742576079918
35.87174348697395,0.15459817348577953,0.2278316423941968,0.6175701841200236
36.07214428857716,0.15248369278223783,0.22539828616999466,0.6221180210477675
36.27254509018036,0.15041755686088232,0.22296479236307404,0.6266176507760436
36.47294589178357,0.14839867248741664,0.22053235179315928,0.631068975719424
36.673346693386776,0.1464259972206398,0.21810208445712853,0.6354719183222317
36.87374749498998,0.14449853941244603,0.21567503952901357,0.6398264210585404
37.07414829659319,0.14261535820782473,0.21325219535999942,0.6441324464321758
37.274549098196395,0.14077556354486065,0.210834459478425,0.6483899769767143
37.4749498997996,0.13897831615473388,0.2084226685897827,0.6525990152554835
37.675350701402806,0.13722282756171938,0.20601758857671837,0.6567595838615622
37.875751503006015,0.13550836008318784,0.20361991449903152,0.6608717254177806
38.07615230460922,0.13383422682960502,0.20123027059367532,0.6649355025767196
38.276553106212425,0.13219979170453178,0.1988492102747563,0.6689509980207119
38.476953907815634,0.13060446940462445,0.19647721613353467,0.6729183144618409
38.677354709418836,0.12904772541963452,0.19411469993842434,0.6768375746419412
38.877755511022045,0.1275290760324087,0.19176200263499243,0.6807089213325989
39.078156312625254,0.12604808831888903,0.18941939434595997,0.684532517335151
39.278557114228455,0.12460438014811281,0.1870870743712015,0.6883085454806858
39.478957915831664,0.12319762018221249,0.18476517118774494,0.6920372086300426
39.67935871743487,0.12182752787641582,0.18245374244977197,0.6957187296738122
39.879759519038075,0.12049387347904596,0.18015277498861781,0.6993533515323362
40.08016032064128,0.1191964780315211,0.1778621848127711,0.7029413371557078
40.28056112224449,0.11793499036100327,0.17558204038922967,0.706482969249767
40.480961923847694,0.11670437613768159,0.17331704999467967,0.7099785738676386
40.6813627254509,0.11550207313046779,0.1710693639661272,0.713428562903405
40.88176352705411,0.11432740978075515,0.16883922954904412,0.7168333606702006
41.08216432865731,0.11317972599065948,0.16662688374220988,0.7201933902671306
41.28256513026052,0.11205837312301899,0.16443255329771125,0.7235090735792697
41.48296593186373,0.11096271400139454,0.16225645472094277,0.7267808312776626
41.68336673346693,0.10989212291006954,0.16009879427060653,0.7300090828193239
41.88376753507014,0.10884598559404976,0.157959767958712,0.7331942464472382
42.08416833667335,0.10782369925906364,0.15583956155057638,0.7363367391903599
42.28456913827655,0.10682467257156214,0.15373835056482446,0.7394369768636133
42.48496993987976,0.10584832565871866,0.15165630027338833,0.7424953740678929
42.68537074148297,0.1048940901084292,0.14959356570150795,0.7455123441900627
42.88577154308617,0.1039614089693123,0.1475502916277307,0.7484882994029569
43.08617234468938,0.10304973675070893,0.14552661258391142,0.7514236506653795
43.28657314629259,0.10215853942268267,0.14352265285521265,0.7543188077221046
43.48697394789579,0.10128729441601965,0.14153852648010454,0.7571741791038757
43.687374749499,0.10043549062222841,0.13957433725036453,0.759990172127407
43.88777555110221,0.09960262839354012,0.13763017871107786,0.762767192895382
44.08817635270541,0.09878821954290846,0.13570613416063734,0.7655056462964541
44.28857715430862,0.09799178734400958,0.13380227665074312,0.7682059360052472
44.48897795591183,0.09721286653124223,0.13191866898640311,0.7708684644823546
44.68937875751503,0.09645100329972765,0.13005536372593277,0.7734936329743395
44.88977955911824,0.09570575530530959,0.12821240318095495,0.7760818415137354
45.09018036072145,0.09497669166455436,0.12638981941640018,0.7786334889190454
45.29058116232465,0.09426339295475078,0.12458763425050662,0.7811489727947425
45.49098196392786,0.09356545121391019,0.1228058592548198,0.78362868953127
45.69138276553107,0.09288246994076646,0.12104449575419296,0.7860730343050405
45.89178356713427,0.09221406409477603,0.1193035348267869,0.788482401078437
46.09218436873748,0.09155986009611779,0.11758295730406981,0.7908571825998123
46.29258517034068,0.0909194958256932,0.11588273377081768,0.793197770403489
46.49298597194389,0.09029262062512622,0.1142028245651138,0.7955045548097599
46.6933867735471,0.0896788952967634,0.1125431797783492,0.7977779249248873
46.8937875751503,0.08907799210367376,0.11090373925522248,0.8000182686411037
47.09418837675351,0.08848959476964882,0.10928443259373967,0.8022259726366114
47.294589178356716,0.08791339847920271,0.1076851791452144,0.8044014223755829
47.49498997995992,0.08734910987757205,0.10610588801426798,0.8065450021081599
47.69539078156313,0.08679644707071593,0.10454645805882909,0.8086570948704549
47.895791583166336,0.08625513962531603,0.10300677789013409,0.8107380824845498
48.09619238476954,0.08572492856877659,0.10148672587272689,0.8127883455584964
48.296593186372746,0.08520556638922427,0.09998617012445886,0.8148082634863169
48.496993987975955,0.08469681703550833,0.09850496851648903,0.8167982144480026
48.69739478957916,0.08419845591720057,0.09704296867328405,0.8187585754095154
48.897795591182366,0.08371026990459521,0.09560000797261789,0.8206897221227868
49.098196392785574,0.08323205732870916,0.09417591354557228,0.8225920291257185
49.298597194388776,0.08276362798128173,0.09277050227653655,0.8244658697421816
49.498997995991985,0.08230480311477478,0.09138358080320733,0.8263116160820179
49.699398797595194,0.08185541544237276,0.09001494551658905,0.8281296390410382
49.899799599198396,0.08141530913798255,0.08866438256099367,0.8299203083010237
50.100200400801604,0.08098433983623363,0.08733166783404052,0.8316839923297258
50.30060120240481,0.08056237463247795,0.08601656698665673,0.8334210583808652
50.501002004008015,0.08014929208279008,0.08471883542307687,0.835131872494133
50.701402805611224,0.07974497384927527,0.08343822142963896,0.8368168047210858
50.90180360721443,0.079348651514551,0.08217473069485434,0.8384766177905947
51.102204408817634,0.07895979570785297,0.08092833855092492,0.8401118657412221
51.30260521042084,0.07857829585902262,0.07969887595757062,0.8417228281834067
51.50300601202405,0.07820404195410675,0.07848617445345885,0.8433097835924344
51.703406813627254,0.07783692453535758,0.07729006615620429,0.8448730093084381
51.90380761523046,0.07747683470123258,0.07611038376236887,0.8464127815363985
52.10420841683367,0.07712366410639468,0.07494696054746193,0.8479293753461433
52.30460921843687,0.0767773049617121,0.07379963036594017,0.8494230646723477
52.50501002004008,0.07643765003425845,0.07266822765120744,0.8508941223145341
52.70541082164329,0.07610459264731269,0.07155258741561507,0.8523428199370722
52.90581162324649,0.07577802668035914,0.0704525452504617,0.8537694280691791
53.1062124248497,0.07545784656908747,0.06936793732599318,0.8551742161049193
53.30661322645291,0.07514394730539269,0.06829860039140281,0.8565574523032045
53.50701402805611,0.0748362244373752,0.06724437177483118,0.8579194037877936
53.70741482965932,0.07453457406934075,0.06620508938336611,0.8592603365472931
53.90781563126253,0.07423889286180042,0.06518059170304286,0.8605805154351567
54.10821643286573,0.07394907803147072,0.06417071779884401,0.8618802041696852
54.30861723446894,0.0736650273512734,0.06317530731469934,0.8631596653340272
54.50901803607215,0.07338663915033565,0.06219420047348607,0.8644191603761783
54.70941883767535,0.07311381231399001,0.06122723807702875,0.8656589496089812
54.90981963927856,0.07284644628377437,0.06027426150609913,0.8668792922101265
55.11022044088177,0.07258444105743198,0.059335112720416396,0.8680804462221516
55.31062124248497,0.07232769718891142,0.05840963425864707,0.8692626685524415
55.51102204408818,0.07207611578836665,0.05749766923840487,0.8704262149732285
55.71142284569139,0.07182959852215699,0.05659906135625095,0.871571340121592
55.91182364729459,0.07158804761284712,0.05571365488769378,0.872698297499459
56.1122244488978,0.07135136583920705,0.05484129468718908,0.8738073394736039
56.31262525050101,0.07111945653621218,0.053981826188139945,0.8748987172756478
56.51302605210421,0.07089222359504327,0.053135095402896834,0.8759726810020598
56.71342685370742,0.07066957146308638,0.05230094892275741,0.8770294796141562
56.91382765531062,0.07045140514393299,0.05147923391796679,0.8780693609381002
57.11422845691383,0.0702376301973799,0.0506697981377173,0.8790925716649027
57.31462925851704,0.0700281527394293,0.04987248991014866,0.880099357350422
57.51503006012024,0.06982287944228872,0.04908715814234792,0.8810899624153633
57.71543086172345,0.06962171753437102,0.048313652320349364,0.8820646301452796
57.91583166332666,0.06942457480029447,0.047551822509134714,0.8830236026905708
58.11623246492986,0.06923135958088267,0.04680151935263297,0.8839671210664843
58.31663326653307,0.06904198077316455,0.0460625940737204,0.884895425153115
58.517034068136276,0.06885634783037445,0.04533489847422067,0.8858087536954049
58.71743486973948,0.06867437076195204,0.04461828493490473,0.8867073443031432
58.91783567134269,0.06849596013354232,0.04391260641549086,0.8875914334509668
59.118236472945895,0.06832102706699572,0.04321771645464465,0.8884612564783596
59.3186372745491,0.06814948324036794,0.04253346916997908,0.889317047589653
59.519038076152306,0.06798124088792011,0.04185971925805433,0.8901590398540256
59.719438877755515,0.06781621280011867,0.041196321994378,0.8909874652055033
59.91983967935872,0.06765431232363545,0.04054313323340503,0.8918025544429595
60.120240480961925,0.06749545336134759,0.039900009408537565,0.8926045372301148
60.320641282565134,0.06733955037233766,0.03926680753212516,0.8933936420955372
60.521042084168336,0.06718651837189352,0.03864338519546473,0.8941700964326418
60.721442885771545,0.0670362729315084,0.038029600568800406,0.8949341264996912
60.92184368737475,0.06688873017888092,0.03742531240132372,0.8956859574197954
61.122244488977955,0.06674380679791504,0.0368303800211735,0.8964258131809114
61.322645290581164,0.06660142002872008,0.03624466333543586,0.8971539166358441
61.52304609218437,0.06646148766761067,0.03566802283014432,0.897870489502245
61.723446893787575,0.06632392806710688,0.03510031957027971,0.8985757523626134
61.92384769539078,0.06618866013593408,0.034541415199770074,0.8992699246642959
62.12424849699399,0.06605560333902301,0.03399117194149088,0.8999532247194861
62.324649298597194,0.06592467769750979,0.03344945259726494,0.9006258697052253
62.5250501002004,0.06579580378873583,0.03291612054786228,0.9012880756634019
62.72545090180361,0.06566890274624798,0.03239103975300034,0.9019400575007517
62.92585170340681,0.06554389625979841,0.031874074751343864,0.9025820289888578
63.12625250501002,0.06542070657534463,0.03136509066050488,0.9032142027641505
63.32665330661323,0.06529925649504954,0.030863953177042776,0.9038367903279076
63.52705410821643,0.06517946937728138,0.030370528576464294,0.9044500020462544
63.72745490981964,0.06506146917518948,0.029884623630951377,0.9050539071938591
63.92785571142285,0.06494545719020575,0.029406061171038694,0.9056484816387556
64.12825651302606,0.06483140857182959,0.02893475486599113,0.9062338365621793
64.32865731462925,0.06471929794782263,0.028470618959481185,0.9068100830926962
64.52905811623246,0.06460910002396424,0.028013568060959945,0.9073773319150757
64.72945891783567,0.06450078958405149,0.027563517145657274,0.9079356932702912
64.92985971943888,0.06439434148989918,0.027120381554581685,0.9084852769555191
65.13026052104209,0.06428973068133984,0.026684076994520373,0.9090261923241397
65.3306613226453,0.06418693217622368,0.026254519538039214,0.9095585482857371
65.53106212424849,0.06408592107041865,0.02583162562348279,0.9100824533060985
65.7314629258517,0.06398667253781039,0.025415312054974288,0.9105980154072153
65.93186372745491,0.0638891618303023,0.025005496002415653,0.911105342167282
66.13226452905812,0.06379336427781547,0.024602095001487485,0.911604540720697
66.33266533066133,0.06369925528828868,0.02420502695364907,0.9120957177580622
66.53306613226454,0.06360681034767848,0.023814210126138366,0.9125789795261832
66.73346693386773,0.06351600501995909,0.02342956315197205,0.9130544318280688
66.93386773547094,0.06342681494712248,0.023051005029945393,0.9135221800229321
67.13426853707415,0.06333921584917829,0.02267845512463243,0.9139823290261893
67.33466933867736,0.06325318352415392,0.022311833166385853,0.9144349833094602
67.53507014028057,0.06316869384809447,0.021951059251337026,0.9148802469005685
67.73547094188378,0.06308572277506276,0.021596053841396,0.9153182233835412
67.93587174348697,0.06300424633713932,0.021246737764251542,0.9157490158986091
68.13627254509018,0.06292424064442238,0.02090303221337101,0.9161727271422065
68.33667334669339,0.06284568188502793,0.02056485874800052,0.9165894593669716
68.5370741482966,0.06276854632508963,0.020232139293164864,0.9169993143817454
68.7374749498998,0.06269281030875887,0.01990479613966749,0.9174023935515736
68.93787575150301,0.06261845025820477,0.019582751944090534,0.9177987977977047
69.13827655310621,0.06254544267361416,0.01926592972879485,0.918188627597591
69.33867735470942,0.062473764133191556,0.018954252881919886,0.9185719829848885
69.53907815631263,0.062403391293159235,0.018647645157383853,0.9189489635494569
69.73947895791584,0.06233430088775717,0.018346030674883617,0.9193196684373591
69.93987975951904,0.06226646972924304,0.018049333919894724,0.9196841963508622
70.14028056112225,0.062199874707892254,0.0177574797436714,0.9200426455484363
70.34068136272545,0.06213449279199793,0.017470393363246572,0.9203951138447555
70.54108216432866,0.0620703010278709,0.017188000361431796,0.9207416986106973
70.74148296593187,0.06200727653983972,0.01691022668681736,0.9210824967733429
70.94188376753507,0.06194539653025065,0.01663699865377221,0.9214176048159771
71.14228456913828,0.06188463827946767,0.016368242942443996,0.9217471187780883
71.34268537074149,0.06182497914587249,0.016103886598759026,0.9220711342553685
71.54308617234469,0.06176639656586451,0.015843857034422315,0.9223897463997132
71.7434869739479,0.06170886805386086,0.015588082026917506,0.9227030499192216
71.9438877755511,0.06165237120229639,0.015336489719506971,0.9230111390781965
72.14428857715431,0.061596883681623665,0.015089008621231761,0.9233141076971445
72.34468937875752,0.06154238324031295,0.014845567606911594,0.9236120491527754
72.54509018036072,0.06148884770485224,0.01460609591714489,0.9239050563780028
72.74549098196393,0.061436254979747244,0.014370523158308696,0.924193221861944
72.94589178356713,0.06138458304752138,0.014138779302558802,0.9244766376499198
73.14629258517034,0.06133380996871579,0.013910794687829662,0.9247553953434545
73.34669338677355,0.06128391388188933,0.013686500017834387,0.9250295861002763
73.54709418837676,0.06123487300361856,0.013465826362064802,0.9252993006343166
73.74749498997996,0.06118666562849778,0.013248705155791407,0.9255646292157108
73.94789579158316,0.06113927012913899,0.013035068200063341,0.9258256616707976
74.14829659318637,0.06109266495617189,0.01282484766170849,0.9260824873821196
74.34869739478958,0.06104682863824393,0.012617976073333374,0.9263351952884227
74.54909819639279,0.061001739782020246,0.012414386333323216,0.9265838738846565
74.749498997996,0.06095737707218371,0.012214011705841913,0.9268286112219744
74.9498997995992,0.0609137192714349,0.01201678582083206,0.927069494907733
75.1503006012024,0.06087074522049211,0.01182264267401489,0.9273066121054929
75.35070140280561,0.06082843383809135,0.011631516626890357,0.9275400495350182
75.55110220440882,0.060786764120986346,0.011443342406737094,0.9277698934722766
75.75150300601203,0.06074571514394854,0.011258055106612392,0.9279962297494391
75.95190380761524,0.060705266059767095,0.011075590185352244,0.9282191437548806
76.15230460921843,0.060665396099248876,0.010895883467571331,0.9284387204331798
76.35270541082164,0.06062608457121848,0.010718871143662982,0.9286550442851185
76.55310621242485,0.0605873427502512,0.010544533274253629,0.9288681239754951
76.75350701402806,0.06054922914933547,0.010372920802163812,0.9290778500485006
76.95390781563127,0.06051173822752158,0.010204002990218718,0.9292842587822596
77.15430861723448,0.06047486176947866,0.010037745676732292,0.929487392553789
77.35470941883767,0.06043859160097235,0.00987411487606296,0.9296872935229646
77.55511022044088,0.06040291958886486,0.009713076778613583,0.9298840036325214
77.75551102204409,0.06036783764111492,0.009554597750831523,0.9300775646080535
77.9559118236473,0.06033333770677782,0.009398644335208607,0.9302680179580135
78.15631262525051,0.06029941177600538,0.00924518325028112,0.9304554049737134
78.35671342685372,0.060266051880045975,0.009094181390629825,0.9306397667293241
78.55711422845691,0.06023325009124451,0.008945605826879961,0.9308211440818754
78.75751503006012,0.06020099852304243,0.008799423805701203,0.9309995776712563
78.95791583166333,0.060169289329977726,0.00865560274980773,0.9311751079202145
79.15831663326654,0.060138114707684945,0.008514110257958177,0.9313477750343568
79.35871743486975,0.06010746689289515,0.00837491410495565,0.9315176190021491
79.55911823647295,0.060077338163435974,0.008237982241647722,0.9316846795949162
79.75951903807615,0.060047720838231566,0.008103282794926447,0.9318489963668419
79.95991983967936,0.06001860727730263,0.007970784067728316,0.932010608654969
80.16032064128257,0.05998998988176641,0.00784045453903432,0.9321695555791992
80.36072144288578,0.0599618610938367,0.007712262863869911,0.9323258760422933
80.56112224448898,0.059934213396823824,0.007586177873305006,0.9324796087298711
80.7615230460922,0.05990703931513465,0.007462168574453993,0.9326307921104113
80.96192384769539,0.0598803314142726,0.007340204150475739,0.9327794644352516
81.1623246492986,0.059854082300837615,0.007220253960573553,0.9329256637385888
81.3627254509018,0.05982828462252619,0.007102287539995238,0.9330694278374785
81.56312625250501,0.059802931068131386,0.0069862746000330595,0.9332107943318355
81.76352705410822,0.059778014367542764,0.006872185028023749,0.9333498006044334
81.96392785571143,0.059753527291746454,0.006759988887348511,0.9334864838209049
82.16432865731463,0.05972946265282512,0.0066496564174330225,0.9336208809297418
82.36472945891784,0.05970581330395796,0.006541158033747409,0.9337530286622946
82.56513026052104,0.059682572139420735,0.006434464327806289,0.9338829635327729
82.76553106212425,0.05965973209458573,0.0063295460671687395,0.9340107218382454
82.96593186372746,0.05963728614592178,0.0062263741954383086,0.9341363396586398
83.16633266533066,0.05961522731099426,0.00612491983226302,0.9342598528567426
83.36673346693387,0.059593548648465076,0.006025154273335345,0.9343812970781995
83.56713426853707,0.0595722432580927,0.005927048990392245,0.934500707751515
83.76753507014028,0.059551304280732124,0.005830575631215143,0.9346181200880527
83.96793587174349,0.0595307248983349,0.005735706019629933,0.9347335690820351
84.1683366733467,0.0595104983339491,0.0056424121555069765,0.9348470895105438
84.3687374749499,0.059490617851719364,0.00555066621476111,0.9349587159335194
84.5691382765531,0.05947107675688685,0.005460440549351619,0.9350684826937614
84.76953907815631,0.059451868395789274,0.005371707687282283,0.9351764239169283
84.96993987975952,0.05943298615586089,0.005284440332601336,0.9352825735115377
85.17034068136273,0.059414423465632485,0.005198611365401484,0.9353869651689659
85.37074148296594,0.05939617379473141,0.005114193841819908,0.9354896323634486
85.57114228456913,0.05937823065388152,0.005031160994038253,0.9355906083520802
85.77154308617234,0.059360587594903265,0.004949486230282626,0.9356899261748141
85.97194388777555,0.059343238210713585,0.004869143134823613,0.9357876186544627
86.17234468937876,0.05932617613532599,0.004790105467976266,0.9358837183966977
86.37274549098197,0.05930939504385053,0.004712347166100106,0.9359782577900493
86.57314629258518,0.0592928886524938,0.004635842341599124,0.936071269005907
86.77354709418837,0.059276650718558914,0.004560565282921786,0.9361627839985193
86.97394789579158,0.059260675040445555,0.004486490454561004,0.9362528345049934
87.17434869739479,0.05924495545764994,0.004413592497054188,0.9363414520452958
87.374749498998,0.059229485850764825,0.004341846226983198,0.9364286679222519
87.57515030060121,0.0592142601414795,0.004271226636974372,0.9365145132215461
87.77555110220442,0.05919927229257981,0.004201708895698513,0.9365990188117216
87.97595190380761,0.059184516307948146,0.0041332683478708995,0.9366822153441808
88.17635270541082,0.05916998623256342,0.004065880514251266,0.9367641332531852
88.37675350701403,0.059155676152501106,0.003999521091643825,0.936844802755855
88.57715430861724,0.0591415802847635,0.00393416622367778,0.9369242534915587
88.77755511022045,0.05912770438283146,0.0038698272536430867,0.9370024683635254
88.97795591182366,0.05911405265882088,0.0038065121514736133,0.9370794351897055
89.17835671342685,0.05910062208821786,0.003744207353249352,0.9371551705585327
89.37875751503006,0.0590874096652738,0.0036828993783625075,0.9372296909563637
89.57915831663327,0.05907441240300541,0.003622574829517525,0.9373030127674771
89.77955911823648,0.059061627333194686,0.0035632203927310688,0.9373751522740742
89.97995991983969,0.05904905150638895,0.0035048228373320304,0.9374461256562789
90.1803607214429,0.05903668199190083,0.003447369015961527,0.9375159489921376
90.38076152304609,0.05902451587780824,0.0033908458645729046,0.9375846382576188
90.5811623246493,0.05901255027095442,0.003335240402431724,0.9376522093266139
90.78156312625251,0.0590007822969479,0.0032805397321157828,0.9377186779709363
90.98196392785572,0.05898920910016252,0.0032267310395151013,0.9377840598603223
91.18236472945893,0.058977827843737424,0.0031738015938319246,0.9378483705624306
91.38276553106213,0.058966635709577074,0.0031217387475807237,0.9379116255428421
91.58316633266533,0.05895562989835121,0.003070529936588199,0.9379738401650606
91.78356713426854,0.0589448076294949,0.0030201626799932673,0.9380350296905118
91.98396793587175,0.05893416614120851,0.0029706245802470794,0.9380952092785444
92.18436873747495,0.05892370269045771,0.0029219033231130094,0.9381543939864292
92.38476953907816,0.058913414552973484,0.002873986677666658,0.9382125987693598
92.58517034068136,0.0589032990232521,0.0028268624962958537,0.938269838480452
92.78557114228457,0.05889335341455515,0.0027805187147006407,0.9383261278707442
92.98597194388778,0.058883575058909524,0.0027349433518933,0.9383814815891971
93.18637274549098,0.05887396130710742,0.0026901245101983344,0.9384359141826942
93.3867735470942,0.05886450952870633,0.002646050375252472,0.9384894400960412
93.5871743486974,0.058855217112029075,0.002602709216004667,0.9385420736719662
93.7875751503006,0.058846081464163764,0.0025600893847161034,0.9385938291511201
93.9879759519038,0.0588371000109638,0.0025181793169601796,0.9386447206720759
94.18837675350701,0.05882827019704792,0.0024769675316225308,0.9386947622713295
94.38877755511022,0.05881958948580014,0.002436442630901014,0.9387439678832988
94.58917835671343,0.058811055359369806,0.0023965933003057124,0.9387923513403245
94.78957915831664,0.05880266531867154,0.0023574083086589344,0.9388399263726694
94.98997995991984,0.058794416883385284,0.0023188765080952166,0.9388867066085195
95.19038076152304,0.058786307591956286,0.002280986834061314,0.9389327055739823
95.39078156312625,0.05877833500159511,0.0022437283053162154,0.9389779366930886
95.59118236472946,0.05877049668827759,0.0022070900239311323,0.9390224132877912
95.79158316633267,0.05876279024674492,0.002171061175289501,0.9390661485779656
95.99198396793588,0.05875521329050353,0.0021356310280869865,0.9391091556814094
96.19238476953907,0.058747763451825225,0.0021007889343314786,0.9391514476138433
96.39278557114228,0.058740438381747064,0.002066524329343087,0.9391930372889098
96.59318637274549,0.05873323575007143,0.0020328267317541544,0.9392339375181744
96.7935871743487,0.05872615324536602,0.001999685743509247,0.9392741610111247
96.99398797595191,0.05871918857496382,0.001967091049865156,0.939313720375171
97.19438877755512,0.05871233946496312,0.0019350324193908993,0.9393526281156459
97.39478957915831,0.058705603660227534,0.0019034997039677217,0.9393908966358047
97.59519038076152,0.05869897892438596,0.0018724828387890885,0.9394285382368249
97.79559118236473,0.058692463039832624,0.0018419718423606955,0.9394655651178067
97.99599198396794,0.05868605380772703,0.0018119568165004636,0.9395019893757725
98.19639278557115,0.05867974904799401,0.001782427946338538,0.9395378230056675
98.39679358717436,0.05867354659932369,0.001753375500317293,0.9395730779003589
98.59719438877755,0.058667444319171494,0.0017247898301913241,0.9396077658506371
98.79759519038076,0.05866144008375817,0.0016966613710274543,0.9396418985452143
98.99799599198397,0.05865553178806976,0.0016689806412047321,0.9396754875707255
99.19839679358718,0.058649717345857603,0.0016417382424144338,0.9397085444117279
99.39879759519039,0.058643994689638365,0.0016149248596600578,0.9397410804507016
99.5991983967936,0.058638361770693995,0.0015885312612573324,0.9397731069680486
99.79959919839679,0.058632816559071765,0.00156254829883421,0.939804635142094
100.0,0.05862735704358423,0.0015369669073308657,0.9398356760490849
